Year,Name,Number Of Purchases
2025,Eruption,2
2025,Paint It Black,2
2025,Release,2
2025,Sanctuary,2
2025,Sign Of The Cross,2
2025,Since I've Been Loving You,2
2025,Stranger in a Strange Land,2
2025,Sweetest Thing,2
2025,The Trooper,2
2025,Where Eagles Dare,2
2025,White Riot,1
2025,Who Needs You,1
2025,Whole Lotta Love,1
2025,Wild Hearted Son,1
2025,Winterlong,1
2025,Wrathchild,1
2025,Year to the Day,1
2025,You Ain't the First,1
2025,You Are The Everything,1
2025,You Keep On Moving,1
2025,You Sure Love To Ball,1
2025,Your Blue Room,1
2025,You're My Best Friend,1
2025,Waiting,1
2025,Waiting On A Sign,1
2025,Walk To The Water,1
2025,Walkabout,1
2025,Walking Contradiction,1
2025,War (The Process),1
2025,We Will Rock You,1
2025,We're Gonna Groove,1
2025,What Now My Love,1
2025,"Whatever It Is, I Just Can't Stop",1
2025,Whatsername,1
2025,When I Come Around,1
2025,When I Look At The World,1
2025,When Love & Hate Collide,1
2025,You've Got Another Thing Comin',1
2025,The Thin Line Between Love & Hate,1
2025,The Three Sunrises,1
2025,The Wait,1
2025,The Playboy Mansion,1
2025,The River (Remix),1
2025,The Star Spangled Banner,1
2025,The Wanderer,1
2025,The Wicker Man,1
2025,The Wind Cries Mary,1
2025,The Woman King,1
2025,Through The Never,1
2025,This Is The Place,1
2025,Times Like These,1
2025,To Tame A Land,1
2025,Toda Menina Baiana,1
2025,Todo Amor (Asas Da Liberdade),1
2025,Tombstone Shadow,1
2025,Train In Vain,1
2025,"Trash, Trampoline And The Party Girl",1
2025,Travis Walk,1
2025,Turbo Lover,1
2025,Tyrant (Live),1
2025,Um Amor Puro,1
2025,"Um Amor, Um Lugar",1
2025,Um Homem Chamado Alfredo,1
2025,Under The Bridge,1
2025,Undertow,1
2025,Uns Dias,1
2025,Untitled,1
2025,Up An' Atom,1
2025,Vamo Batê Lata,1
2025,Sweethearts Together,1
2025,Susie Q,1
2025,Sweet Hitch-Hiker,1
2025,Sweet Lady Luck,1
2025,Sun King,1
2025,Sure Know Something,1
2025,Surprise! You're Dead!,1
2025,Surrender,1
2025,Tailgunner,1
2025,Take It Or Leave It,1
2025,Take This Bottle,1
2025,Tear,1
2025,Tempo Perdido,1
2025,Tempo Rei,1
2025,The Angel And The Gambler,1
2025,The Battle Rages On,1
2025,The Clairvoyant,1
2025,The Day I Tried To Live,1
2025,The Duke,1
2025,The Fix,1
2025,The Fugitive,1
2025,The House Jack Built,1
2025,The Last Song,1
2025,The Midnight Special,1
2025,The Moth,1
2025,Sua Impossivel Chance,1
2025,Sting Me,1
2025,Stir It Up (Live),1
2025,Stormbringer,1
2025,Spread Your Wings,1
2025,Stand Inside Your Love,1
2025,Staring At The Sun,1
2025,So What,1
2025,Somebody To Love,1
2025,Sometimes I Feel Like Screaming,1
2025,Spank Thru,1
2025,Speed Of Light,1
2025,Slave,1
2025,Sick Again,1
2025,Smells Like Teen Spirit,1
2025,Smoke On The Water,1
2025,So Cruel,1
2025,Sem Sentido,1
2025,Será Que Vai Chover?,1
2025,Sex Type Thing,1
2025,Shakes and Ladders,1
2025,She Wears Black,1
2025,Shock Me,1
2025,Shout At The Devil,1
2025,San Francisco Bay Blues,1
2025,Samba pras moças,1
2025,Same Ol' Situation,1
2025,Samba Em Prelúdio,1
2025,Run To The Hills,1
2025,Saber Amar,1
2025,Sangue Latino,1
2025,Sapato 36,1
2025,Satisfação,1
2025,Saturnine,1
2025,Save Me,1
2025,Save The Children,1
2025,"Say It Loud, I'm Black And I'm Proud Pt.1",1
2025,Se Liga,1
2025,Se...,1
2025,Seconds,1
2025,Secrets,1
2025,Segue O Seco,1
2025,Red Light,1
2025,Rhinocerous,1
2025,Rappers Reais,1
2025,Rasul,1
2025,Refavela (Live),1
2025,Refazenda,1
2025,Right On Time,1
2025,Rita Lee,1
2025,Rime of the Ancient Mariner,1
2025,Rock On,1
2025,Rocket Queen,1
2025,Ro-Que-Se-Da-Ne,1
2025,'Round Midnight,1
2025,Run Silent Run Deep,1
2025,Run Through The Jungle,1
2025,Palavras Ao Vento,1
2025,Panis Et Circenses,1
2025,Over The Hills And Far Away,1
2025,Overtime,1
2025,Ozone Baby,1
2025,Par Avion,1
2025,Paradise City,1
2025,Paranoid,1
2025,Peace On Earth,1
2025,Pela Internet (Live),1
2025,Phantom Lord,1
2025,Pick Myself Up,1
2025,Piece Of Pie,1
2025,Plaster Caster,1
2025,Plot 180,1
2025,Poeira,1
2025,Polícia (Vinheta),1
2025,Poor Twisted Me,1
2025,Por Que Será,1
2025,Pot-Pourri N.º 4,1
2025,Pot-Pourri N.º 5,1
2025,Praise,1
2025,Pretty Tied Up,1
2025,Pride (In The Name Of Love),1
2025,Primavera,1
2025,Promises,1
2025,Quanta (Live),1
2025,Quem Mata A Mulher Mata O Melhor,1
2025,Question!,1
2025,Ramble On,1
2025,Most High,1
2025,Mr. Cab Driver,1
2025,My Friend Of Misery,1
2025,Não Quero Dinheiro,1
2025,Nega Do Cabelo Duro,1
2025,Nem Um Dia,1
2025,New Love,1
2025,New York,1
2025,No No No,1
2025,No Prayer For The Dying,1
2025,Nobody's Home,1
2025,Norwegian Wood,1
2025,Nossa Gente (Avisa Là),1
2025,Nothin' To Lose,1
2025,O Braço Da Minha Guitarra,1
2025,O Que Vai Em Meu Coração,1
2025,O Último Romântico (Ao Vivo),1
2025,Oceans,1
2025,Olodum - Smile (Instrumental),1
2025,On Fire,1
2025,One Giant Leap,1
2025,One Man's Meat,1
2025,Opachorô (Live),1
2025,Opus No.1,1
2025,Orion,1
2025,Os Alquimistas Estão Chegando,1
2025,Os Exilados,1
2025,Otay,1
2025,Outlaws,1
2025,Esperando Na Janela,1
2025,Entrando Na Sua (Intro),1
2025,Equinocio,1
2025,Elza,1
2025,End Of Romanticism,1
2025,Esquinas,1
2025,Eu Sou Neguinha (Ao Vivo),1
2025,Everlasting Love,1
2025,Everlong,1
2025,Don't Stand so Close to Me,1
2025,Don't Take Your Love From Me,1
2025,Down by the Sea,1
2025,Down Under,1
2025,Dreams,1
2025,Drum Boogie,1
2025,Duende,1
2025,Dujji,1
2025,E.S.P.,1
2025,Dazed and Confused,1
2025,De Ouro E Marfim (Live),1
2025,Desire,1
2025,Destitute Illusions,1
2025,Deus Ex Machina,1
2025,Diamonds And Rust (Live),1
2025,Disarm,1
2025,Discotheque,1
2025,Dissident,1
2025,Do You Have Other Loves?,1
2025,Do You Like The Way,1
2025,Do You Love Me,1
2025,Don't Go Back To Rockville,1
2025,Don't Look Back,1
2025,Burden In My Hand,1
2025,Calling Dr. Love,1
2025,Canário Do Reino,1
2025,Can I Play With Madness,1
2025,Caprichosos,1
2025,Celebration Day,1
2025,Chão de Giz (Elba Ramalho),1
2025,Changes,1
2025,Cherub Rock,1
2025,Childhoods End?,1
2025,Cinema Mudo,1
2025,Collaborators,1
2025,Começaria Tudo Outra Vez,1
2025,Comida,1
2025,Commotion,1
2025,Como Estais Amigos,1
2025,Compadre,1
2025,Comportamento Geral,1
2025,Corinna,1
2025,Country Feedback,1
2025,Cropduster,1
2025,Crossroads,1
2025,Crumbs From Your Table,1
2025,04 - Running Free,1
2025,1/2 Full,1
2025,14 Years,1
2025,2 Minutes To Midnight,1
2025,A Bencao E Outros,1
2025,A Moça e a Chuva,1
2025,A Novidade (Live),1
2025,A Paz,1
2025,A Sua,1
2025,"Abraham, Martin And John",1
2025,Açai,1
2025,Acelerou,1
2025,After Midnight,1
2025,Água E Fogo,1
2025,Álibi,1
2025,"Alô, Alô, Marciano",1
2025,American Idiot,1
2025,Ando Meio Desligado,1
2025,Another Life,1
2025,Another One Bites The Dust,1
2025,Anthem,1
2025,Any Colour You Like,1
2025,Are You Gonna Be My Girl,1
2025,Army Ants,1
2025,As Aparências Enganam,1
2025,As Dores do Mundo,1
2025,Assim Caminha A Humanidade,1
2025,Atrás da Porta,1
2025,Azul,1
2025,B.Y.O.B.,1
2025,Baba O'Riley,1
2025,Babylon,1
2025,Back Door Man,1
2025,Bass Trap,1
2025,Battery,1
2025,Be Aggressive,1
2025,Be Good Johnny,1
2025,Bê-a-Bá,1
2025,Beija-Flor,1
2025,Beijo Partido,1
2025,Best Thing,1
2025,Better Than You,1
2025,Big Wave,1
2025,Binky The Doormat,1
2025,Black Diamond,1
2025,Black,1
2025,Black Moon Creeping,1
2025,Blissed & Gone,1
2025,Blitzkrieg,1
2025,Blue Rythm Fantasy,1
2025,Blues For Pablo (Alternate Take),1
2025,Brasília 5:31,1
2025,Brave New World,1
2025,Bring Your Daughter... ...To The Slaughter,1
2025,Bullet With Butterfly Wings,1
2025,Cabeça Dinossauro,1
2025,Caçador de Mim (Sá & Guarabyra),1
2025,Eye,1
2025,Eye Of The Beholder,1
2025,Face In The Sand,1
2025,Fade To Black,1
2025,Falamansa Song,1
2025,Fall To Pieces,1
2025,Fat Bottomed Girls,1
2025,Fates Warning,1
2025,Fear Of The Dark,1
2025,Feirinha da Pavuna/Luz do Repente/Bagaço da Laranja,1
2025,Fica,1
2025,Flash,1
2025,Flash of The Blade,1
2025,Flor De Lis,1
2025,Flower,1
2025,Flying High Again,1
2025,Folhas Secas,1
2025,For the Greater Good of God,1
2025,Four Sticks,1
2025,Friend Of A Friend,1
2025,Freewheel Burning,1
2025,Gangland,1
2025,Garden of Eden,1
2025,Get On Top,1
2025,Get Out,1
2025,Give Me Novacaine,1
2025,Giz,1
2025,God Gave Rock 'n' Roll To You,1
2025,Going To California,1
2025,Got That Feeling,1
2025,Gyroscope,1
2025,Hairshirt,1
2025,Hallelujah Here She Comes,1
2025,Hallowed Be Thy Name,1
2025,Hats Off To (Roy) Harper,1
2025,Heaven Coming Down,1
2025,Hemp Family,1
2025,Higher Ground,1
2025,Holier Than Thou,1
2025,Hit The Lights,1
2025,Hot Girl,1
2025,How High The Moon,1
2025,I Believe,1
2025,I Can See For Miles,1
2025,I Can't Explain,1
2025,I Fucking Hate You,1
2025,I Still Haven't Found What I'm Looking For,1
2025,I Still Love You,1
2025,If You Don't Know Me By Now,1
2025,If You Have To Ask,1
2025,I'm A Boy,1
2025,I'm Gonna Crawl,1
2025,I'm Real,1
2025,In The Evening,1
2025,Insensível,1
2025,Invisible Kid,1
2025,Is This Love (Live),1
2025,It Was A Very Good Year,1
2025,It's a Mistake,1
2025,Jailbait,1
2025,Jeito Faceiro,1
2025,Jesus Christ Pose,1
2025,Join Together,1
2025,Judgement Of Heaven,1
2025,Jungle Drums,1
2025,Just Ain't Good Enough,1
2025,King Of Dreams,1
2025,La Puesta Del Sol,1
2025,Lamento De Carnaval,1
2025,Last Cup Of Sorrow,1
2025,L'Avventura,1
2025,Layla,1
2025,Leila,1
2025,Lemon,1
2025,Lemon Drop,1
2025,Let Me Off Uptown,1
2025,Light Years,1
2025,Lilás,1
2025,"Live Together, Die Alone, Pt. 1",1
2025,Lonely Stranger,1
2025,Lords of Karma,1
2025,Looking For Love,1
2025,Love Is Strong,1
2025,Low,1
2025,Low Man's Lyric,1
2025,Love And Peace Or Else,1
2025,Magnetic Ocean,1
2025,Mãe Terra,1
2025,"Mama, I'm Coming Home",1
2025,"Man of Science, Man of Faith (Premiere)",1
2025,Manuel,1
2025,Marvin,1
2025,May This Be Love,1
2025,Maybe I'm A Leo,1
2025,Me In Honey,1
2025,Medo De Escuro,1
2025,Menestrel Das Alagoas,1
2025,Menino De Rua,1
2025,Menino Do Rio,1
2025,Mensagen De Amor (2000),1
2025,Message in a Bottle (new classic rock mix),1
2025,Metal Meltdown,1
2025,Metrô. Linha 743,1
2025,Meu Erro,1
2025,Midlife Crisis,1
2025,Minority,1
2025,Mis Penas Lloraba Yo (Ao Vivo) Soy Gitano (Tangos),1
2025,Molina,1
2025,Monkey Wrench,1
2025,Moonchild,1
2024,Iron Maiden,2
2024,Black Dog,2
2024,Dream Of Mirrors,2
2024,Radio Song,2
2024,Powerslave,2
2024,Polly,2
2024,Stairway To Heaven,2
2024,The Evil That Men Do,2
2024,The Four Horsemen,1
2024,The Convention,1
2024,The Convict,1
2024,The Coup,1
2024,The Crunge,1
2024,The Crystal Ship,1
2024,The Assassin,1
2024,The Aftermath,1
2024,The Ocean,1
2024,"The Living Legend, Pt. 2",1
2024,The Meaning Of The Blues,1
2024,The Initiation,1
2024,The Invisible Man,1
2024,The Job,1
2024,The God That Failed,1
2024,"The Gun On Ice Planet Zero, Pt. 2",1
2024,The Hard Part,1
2024,Tendo A Lua,1
2024,Texarkana,1
2024,Thank You,1
2024,That's The Way,1
2024,Tanto Tempo,1
2024,Tarde Em Itapoã,1
2024,"Symphony No. 41 in C Major, K. 551, ""Jupiter"": IV. Molto allegro",1
2024,Sunday Bloody Sunday,1
2024,"Suite No. 3 in D, BWV 1068: III. Gavotte I & II",1
2024,"Suite for Solo Cello No. 1 in G Major, BWV 1007: I. Prélude",1
2024,"Symphonie Fantastique, Op. 14: V. Songe d'une nuit du sabbat",1
2024,"Symphony No. 2, Op. 16 -  ""The Four Temperaments"": II. Allegro Comodo e Flemmatico",1
2024,Until It Sleeps,1
2024,Under The Sun/Every Day Comes and Goes,1
2024,Unchained,1
2024,Two Hearts Beat As One,1
2024,Turn The Page,1
2024,TriboTchan,1
2024,Toda Cor,1
2024,Tommy Gun,1
2024,Title Song,1
2024,To Live Is To Die,1
2024,Tightrope,1
2024,Time,1
2024,The Wrong Child,1
2024,The Trooper,1
2024,"There's No Place Like Home, Pt. 3",1
2024,This Is Radio Clash,1
2024,The Struggle Within,1
2024,The Seeker,1
2024,The Small Hours,1
2024,The Power Of Equality,1
2024,The Prisoner,1
2024,The Outlaw Torn,1
2024,The Passage,1
2024,The Unforgiven II,1
2024,The Unforgettable Fire,1
2024,The Right Thing,1
2024,Zé Trindade,1
2024,Zither,1
2024,Wearing And Tearing,1
2024,Welcome Home (Sanitarium),1
2024,"Wellington's Victory or the Battle Symphony, Op.91: 2. Symphony of Triumph",1
2024,War Pigs,1
2024,Waiting,1
2024,We Are The Champions,1
2024,Walking Into Clarksdale,1
2024,Wall Of Denial,1
2024,Walter's Walk,1
2024,Vulcão Dub - Fui Eu,1
2024,Wake Up Alone,1
2024,Wake Up Dead Man,1
2024,Voodoo,1
2024,Violent Pornography,1
2024,You've Been A Long Time Coming,1
2024,You've Got Another Thing Comin',1
2024,You're Gonna Break My Hart Again,1
2024,You Oughta Know,1
2024,You Shook Me,1
2024,You Got Me Rocking,1
2024,You Better You Bet,1
2024,Yahweh,1
2024,X-9 2001,1
2024,Wrathchild,1
2024,Won't Get Fooled Again (Full Length Version),1
2024,With Or Without You,1
2024,Who Wants To Live Forever,1
2024,Whiplash,1
2024,When The World Was Young,1
2024,When Love Comes To Town,1
2024,Still Loving You,1
2024,Still Of The Night,1
2024,Spoonman,1
2024,Squeeze Box,1
2024,Stone Cold Crazy,1
2024,"String Quartet No. 12 in C Minor, D. 703 ""Quartettsatz"": II. Andante - Allegro assai",1
2024,Sozinho (Hitmakers Classic Mix),1
2024,Song For Lorraine,1
2024,Sound of a Gun,1
2024,So Central Rain,1
2024,Soldier Side - Intro,1
2024,Solo-Panhandler,1
2024,Shoot Me Again,1
2024,Sheer Heart Attack,1
2024,Shiny Happy People,1
2024,Severed Hand,1
2024,Seven Minutes to Midnight,1
2024,Sereia,1
2024,Será,1
2024,Selvagem,1
2024,Snowblind,1
2024,Só Tinha De Ser Com Você,1
2024,Smokin' in The Boys Room,1
2024,Snowballed,1
2024,Silver And Gold,1
2024,Sir Psycho Sexy,1
2024,Sleep On The Sidewalk,1
2024,Sincero Breu,1
2024,Slither,1
2024,Slug,1
2024,Smells Like Teen Spirit,1
2024,Romeo et Juliette: No. 11 - Danse des Chevaliers,1
2024,Run To The Hills,1
2024,Roxanne,1
2024,Romance Ideal,1
2024,Revolta Olodum,1
2024,Rios Pontes & Overdrives,1
2024,Rock & Roll,1
2024,Rock And Roll All Nite,1
2024,Rock And Roll Is Dead,1
2024,Reggae Odoyá,1
2024,Reggae Tchan,1
2024,Red House,1
2024,Real Love,1
2024,Respectable,1
2024,Rehab (Hot Chip Remix),1
2024,Release,1
2024,Remedy,1
2024,"Scheherazade, Op. 35: I. The Sea and Sindbad's Ship",1
2024,Sangue Latino,1
2024,Santa Clara Clareou,1
2024,Santana Jam,1
2024,Santo Antonio,1
2024,Safety Training,1
2024,Salutations,1
2024,Samba De Orly,1
2024,Samba Pra Endrigo,1
2024,Planet Home,1
2024,Pilot,1
2024,Pictures Of Lily,1
2024,Phyllis's Wedding,1
2024,"Peer Gynt Suite No.1, Op.46: 1. Morning Mood",1
2024,Peace On Earth,1
2024,"Past, Present, and Future",1
2024,Para Lennon E McCartney,1
2024,Papa's Got A Brand New Bag Pt.1,1
2024,Pais E Filhos,1
2024,Paisagem Na Janela,1
2024,Poor Tom,1
2024,Por Causa De Você,1
2024,Podes Crer,1
2024,Prince Charming,1
2024,Pretty Noose,1
2024,Rappers Reais,1
2024,Que Luz É Essa,1
2024,Protesto Do Olodum (Ao Vivo),1
2024,Producer's Cut: The Return,1
2024,Prowler,1
2024,Psychopomp,1
2024,Purgatory,1
2024,Outshined,1
2024,Only the Good Die Young,1
2024,Orientation,1
2024,One Step Closer,1
2024,Óculos,1
2024,Of Wolf And Man,1
2024,Off He Goes,1
2024,O Cidadão Do Mundo,1
2024,O Descobridor Dos Sete Mares,1
2024,O Boto (Bôto),1
2024,O Pulso,1
2024,O Que Me Importa,1
2024,Not The Doctor,1
2024,Nosso Adeus,1
2024,Nothing Else Matters,1
2024,Nothing To Say,1
2024,Numb,1
2024,O Beco,1
2024,Nico,1
2024,Night Flight,1
2024,No Fundo Do Quintal Da Escola,1
2024,No Futuro,1
2024,New Test Leper,1
2024,Navegar Impreciso,1
2024,Não Vou Ficar,1
2024,Mr. Crowley,1
2024,Muçulmano,1
2024,"Music for the Funeral of Queen Mary: VI. ""Thou Knowest, Lord, the Secrets of Our Hearts""",1
2024,Moth,1
2024,Don't Look To The Eyes Of A Stranger,1
2024,Drown,1
2024,Doutor,1
2024,Ela Disse Adeus,1
2024,Elderly Woman Behind The Counter In A Small Town,1
2024,É Fogo,1
2024,Duelists,1
2024,Every Breath You Take,1
2024,Eu Vim Da Bahia - Live,1
2024,Even Better Than The Real Thing,1
2024,Eu Amo Você,1
2024,Enter 77,1
2024,Email Surveillance,1
2024,Encontrar Alguém,1
2024,Esporrei Na Manivela,1
2024,Doesn't Remind Me,1
2024,Do It For The Kids,1
2024,Do You Feel Loved,1
2024,Die Walküre: The Ride of the Valkyries,1
2024,Die With Your Boots On,1
2024,Dirty Day,1
2024,Dirty Love,1
2024,Dirty Water Dog,1
2024,Departure,1
2024,Deeper Underground,1
2024,Dead And Bloated,1
2024,Dark Corners,1
2024,"Crossroads, Pt. 1",1
2024,Cure,1
2024,Damage Case,1
2024,Dance Of Death,1
2024,Dancing Barefoot,1
2024,Crash Course In Brain Surgery,1
2024,Creep,1
2024,Cristina Nº 2,1
2024,Coração Em Desalinho,1
2024,Cornucopia,1
2024,Company Man,1
2024,Communication Breakdown(2),1
2024,"Concerto for Cello and Orchestra in E minor, Op. 85: I. Adagio - Moderato",1
2024,"Concerto for Piano No. 2 in F Minor, Op. 21: II. Larghetto",1
2024,"Concerto No.2 in F Major, BWV1047, I. Allegro",1
2024,Comin' Home,1
2024,Commercial 2,1
2024,City Of Blinding Lights,1
2024,Children of the Damned,1
2024,Children Of The Grave,1
2024,Cérebro Eletrônico,1
2024,C'est La Vie,1
2024,Catch-22,1
2024,Cathedral,1
2024,Celebration Day,1
2024,Caras Como Eu,1
2024,Carol,1
2024,Carolina Hard-Core Ecstasy,1
2024,Casa,1
2024,Camarão que Dorme e Onda Leva,1
2024,Black Hole Sun,1
2024,Billie Jean,1
2024,Bicycle Race,1
2024,Bem Devagar,1
2024,Beautiful Boy,1
2024,"Battlestar Galactica, Pt. 1",1
2024,Back from Vacation,1
2024,Astronomy,1
2024,Atomic Punk,1
2024,Cafezinho,1
2024,Busca Vida,1
2024,Bush Doctor,1
2024,Bumbo Da Mangueira,1
2024,Bron-Y-Aur Stomp,1
2024,Bullet The Blue Sky,1
2024,Bring Your Daughter... To The Slaughter,1
2024,Breadfan,1
2024,Branch Closing,1
2024,Body Count,1
2024,Book Of Thel,1
2024,Bora-Bora,1
2024,Bored To Tears,1
2024,Boris The Spider,1
2024,Bowels Of The Devil,1
2024,Body Count's In The House,1
2024,Blood Brothers,1
2024,Blood In The Wall,1
2024,Bleed Together,1
2024,Armadura,1
2024,As Tears Go By,1
2024,Às Vezes,1
2024,Around The World,1
2024,Apesar De Você,1
2024,Amazing,1
2024,Aloha,1
2024,"Always With Me, Always With You",1
2024,Am I Evil?,1
2024,Alive,1
2024,All Because Of You,1
2024,"All Dead, All Dead",1
2024,Afraid To Shoot Strangers,1
2024,Água de Beber,1
2024,Acrobat,1
2024,Aces High,1
2024,Abrir A Porta,1
2024,"Abraham, Martin And John",1
2024,A Melhor Forma,1
2024,A Menina Dança,1
2024,A Kind Of Magic,1
2024,A Man And A Woman,1
2024,5.15,1
2024,A Cor Do Sol,1
2024,A Cura,1
2024,2 Minutes To Midnight,1
2024,09 - Iron Maiden,1
2024,"""?""",1
2024,...And Justice For All,1
2024,[Untitled],1
2024,Ipiranga 2001,1
2024,It Ain't Like That,1
2024,Iron Man/Children of the Grave,1
2024,It's Late,1
2024,Ito Okashi,1
2024,Inside Job,1
2024,Intro,1
2024,Instinto Colectivo,1
2024,Interlude Zumbi,1
2024,Immigrant Song,1
2024,Infeliz Natal,1
2024,King In Crimson,1
2024,Just Friends,1
2024,"Karelia Suite, Op.11: 2. Ballade (Tempo Di Menuetto)",1
2024,Kickstart My Heart,1
2024,Jorge Da Capadócia,1
2024,Journey To Arnhemland,1
2024,I Feel Good (I Got You) - Sossego,1
2024,Little Linda,1
2024,Living In America,1
2024,Living Loving Maid (She's Just A Woman),1
2024,Lil' Evil,1
2024,Linha Do Equador,1
2024,Linha Do Horizonte,1
2024,Little Guitars,1
2024,Life During Wartime,1
2024,Let Me Love You Baby,1
2024,Leper Messiah,1
2024,Leave My Girl Alone,1
2024,Last Night On Earth,1
2024,Laguna Sunrise,1
2024,Ji Yeon,1
2024,KKK Bitch,1
2024,Moon Is Up,1
2024,Momentos Que Marcam,1
2024,Money,1
2024,Misty Mountain Hop,1
2024,Miracle To Me,1
2024,Midnight From The Inside Out,1
2024,Miami,1
2024,Metal Militia,1
2024,Mel,1
2024,Mellowship Slinky In B Major,1
2024,Mean Disposition,1
2024,Maracatu Atômico,1
2024,Manguetown,1
2024,Magic Bus,1
2024,Mama Africa,1
2024,Lugar Nenhum,1
2024,Machine Men,1
2024,Lucky 13,1
2024,"Lost Planet of the Gods, Pt. 2",1
2024,Lost Survival Guide,1
2024,Loud Love,1
2024,Love,1
2024,Love Comes,1
2024,Live To Win,1
2024,Losfer Words,1
2024,Losing My Religion,1
2024,Lixo Do Mangue,1
2024,Imagine,1
2024,Idolatrada,1
2024,If God Will Send His Angels,1
2024,I Want To Break Free,1
2024,I Heard Love Is Blind,1
2024,I Like Dirt,1
2024,I Remember California,1
2024,I Could Die For You,1
2024,I Belong To You,1
2024,How Many More Times,1
2024,Humans Being,1
2024,House of the Rising Sun,1
2024,Homem Primata,1
2024,Hooked Up,1
2024,Hot Dog,1
2024,Hot Girl,1
2024,Hip Hop Rio,1
2024,Hey Joe,1
2024,Here I Am (Come And Take Me),1
2024,Hey America,1
2024,Hell Ain't A Bad Place To Be,1
2024,Help Yourself,1
2024,Heaven Can Wait,1
2024,Heart Of Lothian: Wide Boy / Curtain Call,1
2024,Heartbreaker,1
2024,Hawkmoon 269,1
2024,Happy Jack,1
2024,Hallowed Be Thy Name,1
2024,"Greetings from Earth, Pt. 1",1
2024,Go Down,1
2024,God,1
2024,Go,1
2024,Give Peace a Chance,1
2024,Given To Fly,1
2024,Get On The Snake,1
2024,Ghost Of The Navigator,1
2024,Get Right,1
2024,Gay Witch Hunt,1
2024,Get Up,1
2024,Geni E O Zepelim,1
2024,Futureal,1
2024,Freewill,1
2024,For Your Life,1
2024,Flying High Again,1
2024,Four Walled World,1
2024,Frantic,1
2024,Formigueiro,1
2024,For Whom The Bell Tolls,1
2024,For Your Babies,1
2024,Fly By Night,1
2024,Fight From The Inside,1
2024,Fear Of The Dark,1
2024,Fall On Me,1
2024,Fast As a Shark,1
2024,Fantasia On Greensleeves,1
2024,"Exodus, Pt. 2",1
2024,Exploder,1
2024,Exposé,1
2024,Evil Dick,1
2024,Everything I Need,1
2023,All I Want Is You,2
2023,Caleidoscópio,2
2023,Californication,1
2023,Call Me a Dog,1
2023,Cabeça Dinossauro,1
2023,Caffeine,1
2023,Camisa Verde 2001,1
2023,Canon and Gigue in D Major: I. Canon,1
2023,Casa no Campo,1
2023,Carolina,1
2023,Canto De Ossanha,1
2023,Can't Stop,1
2023,Can't Stop Loving You,1
2023,Carta Ao Tom 74,1
2023,Chão De Estrelas,1
2023,Chega no Suingue,1
2023,Chaos-Control,1
2023,Chemical Wedding,1
2023,Civil War,1
2023,City Of Blinding Lights,1
2023,Closer To The Heart,1
2023,C'Mon Everybody,1
2023,Cigaro,1
2023,Communication Breakdown,1
2023,Comida,1
2023,Cold Turkey,1
2023,Copacabana (Live),1
2023,Compadre,1
2023,Coração do Agreste (Fafá de Belém),1
2023,Country Feedback,1
2023,Corduroy,1
2023,Cursed Diamonds,1
2023,Crossfire,1
2023,Crystal Ball,1
2023,Cuckoo For Caca,1
2023,"De Do Do Do, De Da Da Da",1
2023,Deuces Are Wild,1
2023,Disappearing Act,1
2023,Din Din Wo (Little Child),1
2023,Distractions,1
2023,Diversity Day,1
2023,Divirta-Se (Saindo Da Sua),1
2023,Don't Look Now,1
2023,"Dois Pra Lá, Dois Pra Cá",1
2023,Don't Cry,1
2023,End Of Romanticism,1
2023,Electrolite,1
2023,Endgame,1
2023,Eu Apenas Queria Que Voçê Soubesse,1
2023,Eu E Ela,1
2023,Eu Também Quero Beijar,1
2023,El Farol,1
2023,Easy,1
2023,Down On The Corner,1
2023,Amanhã Não Se Sabe,1
2023,All For You,1
2023,All I Really Want,1
2023,All Along The Watchtower,1
2023,Amor De Muito,1
2023,Amy Amy Amy (Outro),1
2023,Anything Goes,1
2023,Aprendendo A Jogar,1
2023,Arc,1
2023,Assum Preto,1
2023,Babyface,1
2023,Babylon,1
2023,[Just Like] Starting Over,1
2023,(White Man) In Hammersmith Palais,1
2023,...And Found,1
2023,A Day In the Life,1
2023,A Festa Do Santo Reis,1
2023,"A Benihana Christmas, Pts. 1 & 2",1
2023,"A Midsummer Night's Dream, Op.61 Incidental Music: No.7 Notturno",1
2023,A Touch Away,1
2023,A Statistic,1
2023,Adrift,1
2023,Advance Romance,1
2023,Ain't Talkin' 'bout Love,1
2023,Alberta,1
2023,Ali,1
2023,Álibi,1
2023,Black Satin,1
2023,Bohemian Rhapsody,1
2023,Brain Damage,1
2023,Boris The Spider,1
2023,Bop Boogie,1
2023,Blue Rythm Fantasy,1
2023,Brasil,1
2023,Breakdown,1
2023,Breakthru,1
2023,Breathe,1
2023,Bullet With Butterfly Wings,1
2023,Bring Me Your Cup,1
2023,By The Way,1
2023,Back to Black,1
2023,Bad,1
2023,Bad Moon Rising,1
2023,"Bad, Bad Leroy Brown",1
2023,Badge,1
2023,Balanço,1
2023,"Battlestar Galactica, Pt. 2",1
2023,Banditismo Por Uma Questa,1
2023,Bankrobber,1
2023,Bark at the Moon,1
2023,Balls to the Wall,1
2023,Basket Case,1
2023,Before You Accuse Me,1
2023,Beira Mar,1
2023,Berimbau,1
2023,Believer,1
2023,Bell Bottom Blues,1
2023,Beth,1
2023,Binky The Doormat,1
2023,Bittersweet Me,1
2023,Exodus (Part 2) [Season Finale],1
2023,"Exodus, Pt. 1",1
2023,Expresso 2222,1
2023,F**k Me Pumps,1
2023,F*Ckin' Up,1
2023,Faceless,1
2023,Fairies Wear Boots,1
2023,Faixa Amarela,1
2023,Falling To Pieces,1
2023,Falando De Amor,1
2023,Falar A Verdade,1
2023,Felicidade Urgente,1
2023,Feel It,1
2023,First Time I Met The Blues,1
2023,Flores,1
2023,Formosa,1
2023,Freedom For My People,1
2023,Fora Da Ordem,1
2023,Gates Of Urizen,1
2023,Funky Piano,1
2023,Gay Witch Hunt,1
2023,Ghost,1
2023,Genesis,1
2023,"Greetings from Earth, Pt. 2",1
2023,Green Grow The Rushes,1
2023,Gone,1
2023,Goin' Blind,1
2023,Good Golly Miss Molly,1
2023,Gostava Tanto De Você,1
2023,Hallelujah Here She Comes,1
2023,Guess Who's Back,1
2023,Hard Luck Woman,1
2023,Hard To Handle,1
2023,Halloween,1
2023,Heartland,1
2023,Headlong,1
2023,Headspace,1
2023,Heart In Your Hand,1
2023,Hang 'Em High,1
2023,Heliopolis,1
2023,Hey Tonight,1
2023,High Head Blues,1
2023,Homem Primata (Vinheta),1
2023,Houses Of The Holy,1
2023,Homely Girl,1
2023,Hush,1
2023,How The West Was Won And Where It Got Us,1
2023,I Am,1
2023,I Believe,1
2023,I Could Have Lied,1
2023,I Can't Quit You Baby(2),1
2023,How to Stop an Exploding Man,1
2023,I Still Haven't Found What I'm Looking for,1
2023,I Looked At You,1
2023,I Need Love,1
2023,I Was Made For Loving You,1
2023,I Want It All,1
2023,I'm Going Slightly Mad,1
2023,Imagine,1
2023,Living On Love,1
2023,"Lost Planet of the Gods, Pt. 1",1
2023,Love Conquers All,1
2023,Love Of My Life,1
2023,Love Removal Machine,1
2023,Love Rescue Me,1
2023,Loving You Sunday Morning,1
2023,Madalena,1
2023,Make Me Believe,1
2023,Mangueira,1
2023,Me & Mr. Jones,1
2023,Me Deixas Louca,1
2023,"Mama, I'm Coming Home",1
2023,Mateus Enter,1
2023,Mas Que Nada,1
2023,Maracatu De Tiro Certeiro,1
2023,Mensagen De Amor (2000),1
2023,"Metopes, Op. 29: Calypso",1
2023,Meu Caro Amigo,1
2023,Meu Erro,1
2023,MFC,1
2023,Meu Mundo Fica Completo (Com Você),1
2023,Minha Namorada,1
2023,Miss Sarajevo,1
2023,Mistério da Raça,1
2023,Morena De Angola,1
2023,La Bella Luna,1
2023,Lanterna Dos Afogados,1
2023,Leave,1
2023,L'Arc En Ciel De Miles,1
2023,Let It Grow,1
2023,Let Me Love You Baby,1
2023,Let's See Action,1
2023,Letterbomb,1
2023,Levada do Amor (Ailoviu),1
2023,Like A Song...,1
2023,Like a Stone,1
2023,Life Line,1
2023,Little Guitars (Intro),1
2023,Linha Do Equador,1
2023,It's The End Of The World As We Know It (And I Feel Fine),1
2023,J Squared,1
2023,Jacob's Ladder,1
2023,Jaded,1
2023,Jah Seh No,1
2023,Jesus Of Suburbia / City Of The Damned / I Don't Care / Dearly Beloved / Tales Of Another Broken Home,1
2023,Jeru,1
2023,"Jupiter, the Bringer of Jollity",1
2023,Killing Floor,1
2023,Kindergarten,1
2023,Inject The Venom,1
2023,Innuendo,1
2023,Into The Fire,1
2023,Intro / Stronger Than Me,1
2023,Instant Karma,1
2023,It's Just A Thought,1
2023,Is This Love (Live),1
2023,It Doesn't Matter,1
2023,Iron Man,1
2023,Mofo,1
2023,Mr. Brownstone,1
2023,Música No Ar,1
2023,N.I.B.,1
2023,Naked In The Rain,1
2023,Não Dá Mais Pra Segurar (Explode Coração),1
2023,Não Quero Dinheiro,1
2023,My Hero,1
2023,My Kind Of Town,1
2023,My Melancholy Blues,1
2023,My Mistake,1
2023,My Time After Awhile,1
2023,Nebulosa Do Amor,1
2023,New Year's Day,1
2023,"New York, New York",1
2023,Neworld,1
2023,No Memory,1
2023,No Way Back,1
2023,Nobody Knows You When You're Down & Out,1
2023,No One Came,1
2023,O Bicho Tá Pregando,1
2023,O Amor Nao Sabe Esperar,1
2023,Nothing to Hide,1
2023,Nice Guys Finish Last,1
2023,Now You're Gone,1
2023,O Dia Em Que A Terra Parou,1
2023,"Oh, My Love",1
2023,Onde Anda Você,1
2023,On Mercury,1
2023,Oceano,1
2023,Os Cegos Do Castelo,1
2023,Outbreak,1
2023,Puteiro Em João Pessoa,1
2023,Pot-Pourri N.º 2,1
2023,Question!,1
2023,Ramshackle Man,1
2023,Pride (In The Name Of Love),1
2023,Preciso Apender a Viver Só (Maysa),1
2023,Prenda Minha,1
2023,Primary,1
2023,Plaster Caster,1
2023,Porch,1
2023,Palco,1
2023,Panama,1
2023,Padre Cícero,1
2023,Overdose,1
2023,Overdrive,1
2023,Parabolicamará,1
2023,Pela Luz dos Olhos Teus (Miúcha e Tom Jobim),1
2023,Pensamento,1
2023,Piece Of Pie,1
2023,Persuasion,1
2023,Perfect Crime,1
2023,Pini Di Roma (Pinien Von Rom) \ I Pini Della Via Appia,1
2023,Playtime,1
2023,Samba Do Lado,1
2023,Sampa,1
2023,Samba Do Jato,1
2023,Samba Da Volta,1
2023,Salve Nossa Senhora,1
2023,Saint Of Me,1
2023,Safe and Sound,1
2023,Rusty Cage,1
2023,S.O.S.,1
2023,"Sabbath, Bloody Sabbath",1
2023,Saber Amar,1
2023,Saudosa Maloca,1
2023,"Scheherazade, Op. 35: I. The Sea and Sindbad's Ship",1
2023,Scratch-N-Sniff,1
2023,Réu Confesso,1
2023,Rehab,1
2023,Real Thing,1
2023,Razor,1
2023,Real Love,1
2023,Red Light,1
2023,Re-Align,1
2023,Rock Das Aranhas (Ao Vivo) (Live),1
2023,River Song,1
2023,Riviera Paradise,1
2023,Road Trippin',1
2023,Rock Of Ages,1
2023,Rock The Casbah,1
2023,Romaria,1
2023,Romaria (Renato Teixeira),1
2023,Sister Awake,1
2023,Sítio Do Pica-Pau Amarelo,1
2023,Snowblind,1
2023,So What,1
2023,"So Fast, So Numb",1
2023,Sem Essa de Malandro Agulha,1
2023,Sea Of Sorrow,1
2023,Selvagem,1
2023,Shape of Things to Come,1
2023,She Loves Me Not,1
2023,Shining In The Light,1
2023,Socorro,1
2023,Soldado Da Paz,1
2023,Something Nice Back Home,1
2023,Some Unholy War,1
2023,Somebody To Love,1
2023,Sonifera Ilha,1
2023,Soot & Stars,1
2023,Space Truckin',1
2023,Spanish Eyes,1
2023,"Spanish moss-""A sound portrait""-Spanish moss",1
2023,Spellbound,1
2023,Stripsearch,1
2023,Stone Crazy,1
2023,St. Jimmy,1
2023,Still,1
2023,Starburst,1
2023,Stars,1
2023,When My Left Eye Jumps,1
2023,Where The River Goes,1
2023,Whiskey In The Jar,1
2023,Woman Of The World (Ao Vivo),1
2023,Women In Uniform,1
2023,Woodpecker From Mars,1
2023,Yesterday To Tomorrow,1
2023,You Can't Do it Right (With the One You Love),1
2023,You Got Me Rocking,1
2023,You Really Got Me,1
2023,You Know I'm No Good,1
2023,You Know I'm No Good (feat. Ghostface Killah),1
2023,You Learn,1
2023,Você Fugiu,1
2023,Untitled,1
2023,Walk On,1
2023,W.M.A.,1
2023,We Are The Champions,1
2023,"War of the Gods, Pt. 2",1
2023,Welcome to the Jungle,1
2023,What It Takes,1
2023,What A Day,1
2023,Your Time Is Gonna Come,1
2023,Zeca Violeiro,1
2023,Zambação,1
2023,The Tower,1
2023,The Unforgiven,1
2023,The Wake-Up Bomb,1
2023,The Pilgrim,1
2023,The Star Spangled Banner,1
2023,The Show Must Go On,1
2023,The Sun Road,1
2023,Theme From The Swan,1
2023,The Whole Truth,1
2023,Time Is On My Side,1
2023,Through a Looking Glass,1
2023,Todo Amor Que Houver Nesta Vida,1
2023,Todo Mundo Explica,1
2023,Top O' The Morning To Ya,1
2023,Trac Trac,1
2023,Três Lados,1
2023,True Believers,1
2023,Trupets Of Jericho,1
2023,Tudo Na Mais Santa Paz,1
2023,Tuesday's Gone,1
2023,Two Steps Behind [Acoustic Version],1
2023,Two Fanfares for Orchestra: II. Short Ride in a Fast Machine,1
2023,Um Dia Qualquer,1
2023,Under My Thumb,1
2023,Under Pressure,1
2023,Um Indio,1
2023,Um Jantar Pra Dois,1
2023,Um Love,1
2023,Um Lugar ao Sol,1
2023,Undertow,1
2023,Um Satélite Na Cabeça,1
2023,Uma Brasileira,1
2023,Unfinished Business,1
2023,Up Around The Bend,1
2023,Vai Passar,1
2023,Travis Walk,1
2023,United Colours,1
2023,Verdade,1
2023,Vida Boa,1
2023,Symphony No. 2: III. Allegro vivace,1
2023,"Symphony No. 3 Op. 36 for Orchestra and Soprano ""Symfonia Piesni Zalosnych"" \ Lento E Largo - Tranquillissimo",1
2023,"Symphony No. 104 in D Major ""London"": IV. Finale: Spiritoso",1
2023,Swing Low Sweet Chariot,1
2023,Sweet Soul Sister,1
2023,Sweetest Thing,1
2023,Stormbringer,1
2023,Suck On The Jugular,1
2023,Sunshine Of Your Love,1
2023,Take the Box,1
2023,Talk About The Passion,1
2023,The 23rd Psalm,1
2023,"Texto ""Verdade Tropical""",1
2023,Tarde Em Itapoã,1
2023,Tears Dry On Their Own,1
2023,Tease Me Please Me,1
2023,The Hand of God,1
2023,"The Gun On Ice Planet Zero, Pt. 1",1
2023,The Last Remaining Light,1
2023,The Long Con,1
2023,The Lost Warrior,1
2023,The Magnificent Warriors,1
2023,The Other 48 Days,1
2023,"The Living Legend, Pt. 1",1
2023,The More I See,1
2023,The Alchemist,1
2023,The Begining... At Last,1
2023,The Carpet,1
2023,The Fly,1
2023,The Garden,1
2023,The First Time,1
2023,The Economist,1
2022,The Number Of The Beast,2
2022,Surrender,2
2022,Sure Know Something,2
2022,Onde Você Mora?,2
2022,No Quarter,2
2022,King For A Day,2
2022,Gimme Some Truth,2
2022,Eruption,2
2022,Dezesseis,2
2022,Desire,1
2022,Deixa,1
2022,Demorou!,1
2022,Deuce,1
2022,De Ja Vu,1
2022,De La Luz,1
2022,De Noite Na Cama,1
2022,Dancing Days,1
2022,Dancing In The Street,1
2022,Da Lama Ao Caos,1
2022,"Danny Boy, Danny Boy",1
2022,Dave,1
2022,Dazed and Confused,1
2022,Deep Waters,1
2022,Don't Cry (Original),1
2022,Domingo,1
2022,"Dois Pra Lá, Dois Pra Cá",1
2022,Do what cha wanna,1
2022,Diwali,1
2022,Disenchanted Lullaby,1
2022,Disposable Heroes,1
2022,Dirty Day,1
2022,Dirty Little Thing,1
2022,"Étude 1, In C Major - Preludio (Presto) - Liszt",1
2022,Estrela (Live),1
2022,Everlasting Love,1
2022,Era Uma Vez,1
2022,Entre E Ouça,1
2022,Epic,1
2022,Drown Me Slowly,1
2022,Drowning Man,1
2022,Don't Take Your Love From Me,1
2022,Eclipse Oculto,1
2022,D'Yer Mak'er,1
2022,Eleanor Rigby,1
2022,E.C.T.,1
2022,Cry For Love,1
2022,"Crossroads, Pt. 2",1
2022,Dance,1
2022,Criança De Domingo,1
2022,Computadores Fazem Arte,1
2022,Construção / Deus Lhe Pague,1
2022,Coma,1
2022,Come Fly With Me,1
2022,Commotion,1
2022,Comin' Home,1
2022,Cochise,1
2022,Cold Gin,1
2022,Christmas Party,1
2022,Cigano,1
2022,Chapa o Coco,1
2022,Charles Anjo 45,1
2022,Chemical Wedding,1
2022,Caught Somewhere in Time,1
2022,Chains Of Misery,1
2022,C'est La Vie,1
2022,"Canta, Canta Mais",1
2022,Can I Play With Madness,1
2022,Carouselambra,1
2022,Cascades : I'm Not Your Lover,1
2022,Caso Você Queira Saber,1
2022,Calling Dr. Love,1
2022,Big Machine,1
2022,Better Halves,1
2022,Better Than You,1
2022,Bem Devagar,1
2022,Beira Mar,1
2022,Beautiful Boy,1
2022,Banditismo Por Uma Questa,1
2022,Baltar's Escape,1
2022,Battery,1
2022,Azul,1
2022,Back off Bitch,1
2022,Bye Bye Blackbird,1
2022,Brumário,1
2022,Brighter Than a Thousand Suns,1
2022,Brasil,1
2022,Born On The Bayou,1
2022,Brain Stew,1
2022,Branch Closing,1
2022,Born to Run,1
2022,Boulevard Of Broken Dreams,1
2022,Boogie Blues,1
2022,Black Night,1
2022,Blow Your Mind,1
2022,Blackened,1
2022,Bleeding Me,1
2022,Blind Man,1
2022,Age Of Innocence,1
2022,Agora Que O Dia Acordou,1
2022,"Act IV, Symphony",1
2022,Action,1
2022,Adios nonino,1
2022,32 Dentes,1
2022,A.N.D.R.O.T.A.Z.,1
2022,Acelerou,1
2022,Achilles Last Stand,1
2022,Aces High,1
2022,A Noite Do Meu Bem,1
2022,A Melhor Forma,1
2022,05 - Phantom of the Opera,1
2022,2 Minutes To Midnight,1
2022,(Wish I Could) Hideaway,1
2022,#9 Dream,1
2022,(Anesthesia) Pulling Teeth,1
2022,Atrás Da Verd-E-Rosa Só Não Vai Quem Já Morreu,1
2022,Ashes To Ashes,1
2022,As Rosas Não Falam (Beth Carvalho),1
2022,Are We The Waiting,1
2022,Aos Leões,1
2022,Angel Of Harlem,1
2022,Amor Demais,1
2022,American Woman,1
2022,All Along The Watchtower,1
2022,Ain't My Bitch,1
2022,All Night Thing,1
2022,Give Me Novacaine,1
2022,Give Peace a Chance,1
2022,Genghis Khan,1
2022,Geni E O Zepelim,1
2022,Ghost Of The Navigator,1
2022,Get Up (I Feel Like Being A) Sex Machine,1
2022,Gavioes 2001,1
2022,Garota de Ipanema (Dick Farney),1
2022,Gatas Extraordinárias,1
2022,Fuel,1
2022,Funk de Bamba,1
2022,Gangland,1
2022,Garden of Eden,1
2022,Forgiven,1
2022,Friends,1
2022,From Here To Eternity,1
2022,Fortunate Son,1
2022,Free Me,1
2022,Flight Of The Rat,1
2022,For Those About To Rock (We Salute You),1
2022,Fool In The Rain,1
2022,Fire,1
2022,Fire + Water,1
2022,Feel Your Love Tonight,1
2022,Família,1
2022,Experiment In Terra,1
2022,Extra,1
2022,Extraordinary Girl,1
2022,I'm Gonna Crawl,1
2022,I Would Do For You,1
2022,I Know Somethin (Bout You),1
2022,I Don't Wanna Be Kissed (By Anyone But You),1
2022,I Can't Remember,1
2022,I Do,1
2022,I Can't Quit You Baby,1
2022,I Can't Explain,1
2022,How to Stop an Exploding Man,1
2022,Hypnotize,1
2022,Holiday,1
2022,Holy Smoke,1
2022,Home Sick Home,1
2022,Home Sweet Home,1
2022,Homecoming,1
2022,Hot Rockin',1
2022,Honolulu,1
2022,Highway Chile,1
2022,"Hey, Johnny Park!",1
2022,Hey Hey,1
2022,Here I Go Again,1
2022,Hero,1
2022,Heaven Can Wait,1
2022,Heavy Love Affair,1
2022,He Can Only Hold Her,1
2022,Hallowed Be Thy Name,1
2022,God Part II,1
2022,Good Golly Miss Molly,1
2022,Going Down / Highway Star,1
2022,Grito De Alerta,1
2022,Groovus Interruptus,1
2022,King Nothing,1
2022,Jump,1
2022,Jump In The Fire,1
2022,Juazeiro,1
2022,Judgement Of Heaven,1
2022,Jealous Guy,1
2022,It's Too Funky In Here,1
2022,It's So Easy,1
2022,It's A Hard Life,1
2022,Into The Light,1
2022,Intro,1
2022,In Bloom,1
2022,In The Evening,1
2022,In Your Honor,1
2022,Indios,1
2022,Lindo Lago Do Amor,1
2022,Livin' On The Edge,1
2022,Ligia,1
2022,Lick It Up,1
2022,Last Caress/Green Hell,1
2022,Last Cup Of Sorrow,1
2022,Lazy Gun,1
2022,Lay Down Sally,1
2022,Layla,1
2022,Lamento De Carnaval,1
2022,Lamento Sertanejo,1
2022,Knockin On Heavens Door,1
2022,Moonchild,1
2022,Minha Historia,1
2022,Midnight,1
2022,Midnight Cowboy,1
2022,Meu Guarda-Chuva,1
2022,Miami,1
2022,Michael's Birthday,1
2022,Midlife Crisis,1
2022,Meditação,1
2022,Meet Kevin Johnson,1
2022,Mel,1
2022,Manguetown,1
2022,Manifest Destiny,1
2022,Man On The Edge,1
2022,Maria Fumaça,1
2022,Maria Maria,1
2022,Maria Rosa,1
2022,Malpractice,1
2022,Mama Said,1
2022,Love Is Blindness,1
2022,Love Child,1
2022,Lugar Nenhum,1
2022,Love Don't Mean a Thing,1
2022,Love Gun,1
2022,Lord of Light,1
2022,Lodi,1
2022,Lonely Stranger,1
2022,Long As I Can See The Light,1
2022,Long Tall Sally,1
2022,Night Of The Long Knives,1
2022,Night Time Is The Right Time,1
2022,"Music for the Funeral of Queen Mary: VI. ""Thou Knowest, Lord, the Secrets of Our Hearts""",1
2022,New Year's Day,1
2022,Nefertiti,1
2022,Nervosa,1
2022,Never Say Die,1
2022,Nem 5 Minutos Guardados,1
2022,My World,1
2022,My Ship,1
2022,My Love,1
2022,Na Frente Da TV,1
2022,Não Vou Lutar,1
2022,Não Sei O Que Eu Quero Da Vida,1
2022,Música De Trabalho,1
2022,Muita Bobeira,1
2022,Mundaréu,1
2022,Motorbreath,1
2022,Morro Da Casa Verde 2001,1
2022,One,1
2022,One For The Road,1
2022,Odara,1
2022,On A Plain,1
2022,Onde Anda Você,1
2022,One I Want,1
2022,Onibusfobia,1
2022,Only A Dream In Rio,1
2022,Out Ta Get Me,1
2022,Over And Out,1
2022,Out Of Sight,1
2022,Original Of The Species,1
2022,Old Love,1
2022,O Xote Das Meninas,1
2022,Occupation / Precipice,1
2022,O Leaozinho,1
2022,O Livro Dos Dias,1
2022,O Pulso,1
2022,O Que Será (À Flor Da Terra),1
2022,Nothing Else Matters,1
2022,Nossa Gente (Avisa Là),1
2022,Phyllis's Wedding,1
2022,Phantom Lord,1
2022,Pilot,1
2022,"Piano Sonata No. 14 in C Sharp Minor, Op. 27, No. 2, ""Moonlight"": I. Adagio sostenuto",1
2022,Pictures Of Home,1
2022,Papelão,1
2022,Parasite,1
2022,"Partita in E Major, BWV 1006A: I. Prelude",1
2022,Palavras,1
2022,"Posso Perder Minha Mulher, Minha Mãe, Desde Que Eu Tenha O Rock And Roll",1
2022,Prá Dizer Adeus,1
2022,Pour Some Sugar On Me,1
2022,Ponto De Interrogação,1
2022,Poprocks And Coke,1
2022,Princess of the Dawn,1
2022,Principiando/Decolagem,1
2022,Rag Doll,1
2022,Ram It Down,1
2022,Ramble On,1
2022,Querem Meu Sangue,1
2022,Problem Child,1
2022,"Prometheus Overture, Op. 43",1
2022,Promises,1
2022,Proud Mary,1
2022,Put Your Head Out,1
2022,Pseudo Silk Kimono,1
2022,"Stay (Faraway, So Close!)",1
2022,Stairway To Heaven,1
2022,Sonata for Solo Violin: IV: Presto,1
2022,Star A.D.,1
2022,Straight Out Of Line,1
2022,Strange Kind Of Woman,1
2022,Strutter,1
2022,"String Quartet No. 12 in C Minor, D. 703 ""Quartettsatz"": II. Andante - Allegro assai",1
2022,Soul Education,1
2022,Sozinho,1
2022,Sozinho (Caêdrum 'n' Bass),1
2022,Solitary,1
2022,Shock Me,1
2022,She,1
2022,Shotgun Blues,1
2022,Shout It Out Loud,1
2022,Show Me How to Live (Live at the Quart Festival),1
2022,Shakes and Ladders,1
2022,Seu Balancê,1
2022,Seventh Son of a Seventh Son,1
2022,So Por Amor,1
2022,Só Tinha De Ser Com Você,1
2022,Snowballed,1
2022,Smoked Pork,1
2022,Signe,1
2022,Slowness,1
2022,Sing Joyfully,1
2022,Rollover D.J.,1
2022,Rocket Queen,1
2022,Rock & Roll,1
2022,Right Now,1
2022,Rock And Roll All Nite,1
2022,Realword,1
2022,Rehab,1
2022,Revolta Olodum,1
2022,Ride The Lightning,1
2022,"Requiem, Op.48: 4. Pie Jesu",1
2022,Redundant,1
2022,Sea of Madness,1
2022,Scar On the Sky,1
2022,Scentless Apprentice,1
2022,Seek & Destroy,1
2022,Seek And You Shall Find,1
2022,Saudosismo,1
2022,Saudade Dos Aviões Da Panair (Conversando No Bar),1
2022,Say Hello 2 Heaven,1
2022,Sapopemba e Maxambomba,1
2022,Running Free,1
2022,Samba De Orly,1
2022,Sam With The Showing Scalp Flat Top,1
2022,Samba da Bençaco,1
2022,Sanctuary,1
2022,Sweet Hitch-Hiker,1
2022,"Symphonie Fantastique, Op. 14: V. Songe d'une nuit du sabbat",1
2022,Susie Q,1
2022,"Suite No. 3 in D, BWV 1068: III. Gavotte I & II",1
2022,Summer Love,1
2022,Sunday Bloody Sunday,1
2022,Ten Years Gone,1
2022,Terra,1
2022,That's The Way,1
2022,"Tapa Aqui, Descobre Ali",1
2022,Tea For One,1
2022,Take the Celestra,1
2022,Sympton of the Universe,1
2022,The Morning After,1
2022,The Man Behind the Curtain,1
2022,The Long Patrol,1
2022,"The Messiah: Behold, I Tell You a Mystery... The Trumpet Shall Sound",1
2022,The Midnight Special,1
2022,The Lemon Song,1
2022,The Glass Ballerina,1
2022,The House Jack Built,1
2022,The Educated Fool,1
2022,The Dundies,1
2022,The Fix,1
2022,The Frayed Ends Of Sanity,1
2022,The Clairvoyant,1
2022,The Deeper The Love,1
2022,The Cut Runs Deep,1
2022,The Beginning of the End,1
2022,The Beginning...At Last,1
2022,The Call Of Ktulu,1
2022,Vertigo,1
2022,Vai Valer,1
2022,Until We Fall,1
2022,Um Passeio No Mundo Livre,1
2022,Two Hearts Beat As One,1
2022,Tudo Bem,1
2022,Travelling Riverside Blues,1
2022,Transylvania,1
2022,Tradição,1
2022,Top Top,1
2022,Tomorrow's Dream,1
2022,Too Young To Die,1
2022,Todo o Carnaval tem seu Fim,1
2022,Toda Cor,1
2022,"Through the Looking Glass, Pt. 1",1
2022,The Wicker Man,1
2022,The Woman King,1
2022,The Zoo,1
2022,Think About You,1
2022,Thinking 'Bout Tomorrow,1
2022,The Trooper,1
2022,The Unbeliever,1
2022,Zooropa,1
2022,Whatsername,1
2022,Whatever Gets You Thru the Night,1
2022,When I Look At The World,1
2022,When Love Comes To Town,1
2022,When Evening Falls,1
2022,When I Come Around,1
2022,Wear You To The Ball,1
2022,War Pigs,1
2022,Wasting Love,1
2022,Wave (Os Cariocas),1
2022,Walkin' Blues,1
2022,Walking After You,1
2022,Walkabout,1
2022,Voodoo,1
2022,Vou Pra Ai,1
2022,Wake Me Up When September Ends,1
2022,Wake Up,1
2022,Voce Nao Entende Nada - Cotidiano,1
2022,"Você Passa, Eu Acho Graça (Ao Vivo)",1
2022,Viradouro,1
2022,You Could Be Mine,1
2022,You Fool No One,1
2022,Year to the Day,1
2022,Xote Dos Milagres,1
2022,Wonderful Tonight,1
2022,Where Eagles Dare,1
2022,Wildest Dreams,1
2022,Whole Lotta Love (Medley),1
2022,Who'll Stop The Rain,1
2022,White Feather,1
2022,Where The Wild Things Are,1
2022,Whiskey In The Jar,1
2022,When The Levee Breaks,1
2022,Where Have All The Good Times Gone?,1
2021,Dazed and Confused,3
2021,Drifter,2
2021,Animal,2
2021,Blood Brothers,2
2021,Believe,2
2021,Master Of Puppets,2
2021,Já Foi,2
2021,Helpless,2
2021,Firmamento,2
2021,Welcome Home (Sanitarium),2
2021,Untitled,2
2021,The Number Of The Beast,2
2021,The Memory Remains,1
2021,The Great Gig In The Sky,1
2021,The Ides Of March,1
2021,The Last Song,1
2021,The Duke,1
2021,The Gentle Art Of Making Enemies,1
2021,The Garden,1
2021,The Finest Worksong,1
2021,Take It Or Leave It,1
2021,Take The Power,1
2021,Tear,1
2021,Tatuagem,1
2021,Tanto Tempo,1
2021,The Aftermath,1
2021,Territorial Pissings,1
2021,Thank You,1
2021,Tempos Modernos,1
2021,Tempo Perdido,1
2021,Tears In Heaven,1
2021,Sun King,1
2021,Super Terrorizer,1
2021,Sure Know Something,1
2021,Sunshine Of Your Love,1
2021,"Suzie-Q, Pt. 2",1
2021,Valentino's,1
2021,Vida De Cachorro,1
2021,Violent Pornography,1
2021,Vavoom : Ted The Mechanic,1
2021,Under The Bridge,1
2021,União Da Ilha,1
2021,Underwater Love,1
2021,Train In Vain,1
2021,Trampled Under Foot,1
2021,Trocando Em Miúdos,1
2021,Turbo Lover,1
2021,Twentienth Century Fox,1
2021,Ugly In The Morning,1
2021,Um Amor Puro,1
2021,The Trooper,1
2021,The Thing That Should Not Be,1
2021,The Unwritten Law,1
2021,The Unforgiven II,1
2021,The Unforgiven,1
2021,The Thin Line Between Love & Hate,1
2021,The Pan Piper,1
2021,The Prophecy,1
2021,The Prisoner,1
2021,These Colours Don't Run,1
2021,They're Red Hot,1
2021,Thief In The Night,1
2021,The Zephyr Song,1
2021,Title Song,1
2021,Times Like These,1
2021,Were Do We Go From Here,1
2021,Waterhole (Expresso Bongo),1
2021,When I Had Your Love,1
2021,"Whatever It Is, I Just Can't Stop",1
2021,What If I Do?,1
2021,What Is And What Should Never Be,1
2021,Wet My Bed,1
2021,What A Day,1
2021,Virginia Moon,1
2021,Você,1
2021,Vôo Sobre o Horizonte,1
2021,Voce Inteira,1
2021,Wanted Dread And Alive,1
2021,Walter's Walk,1
2021,Walking On The Water,1
2021,Walking Wounded,1
2021,Walking Into Clarksdale,1
2021,When You Gonna Learn (Digeridoo),1
2021,When My Left Eye Jumps,1
2021,Wherever You May Go,1
2021,Why Go,1
2021,Wild Side,1
2021,Woman Of The World (Ao Vivo),1
2021,World Wide Suicide,1
2021,Wrote A Song For Everyone,1
2021,Xanadu,1
2021,Yesterdays,1
2021,You Better You Bet,1
2021,You Shook Me(2),1
2021,You're My Best Friend,1
2021,Your Time Has Come,1
2021,Your Time Is Gonna Come,1
2021,Sangue De Bairro,1
2021,Samba Do Lado,1
2021,Samba Makossa,1
2021,Sad Statue,1
2021,Salve Simpatia,1
2021,Sábado A Noite,1
2021,RV,1
2021,Run To The Hilss,1
2021,Satch Boogie,1
2021,Saturnine,1
2021,Save The Children,1
2021,Seis Da Tarde,1
2021,Selvagem,1
2021,Século XXI,1
2021,See You,1
2021,Relvelation (Mother Earth),1
2021,Right Next Door to Hell,1
2021,Revenga,1
2021,Restless and Wild,1
2021,Realce,1
2021,Re-Align,1
2021,Rock 'N' Roll Music,1
2021,Right On Time,1
2021,Right Through You,1
2021,Romance Ideal,1
2021,Run Silent Run Deep,1
2021,Run to the Hills,1
2021,Slither,1
2021,SKA,1
2021,Smells Like Teen Spirit (Ao Vivo),1
2021,Smoke On The Water,1
2021,So Beautiful,1
2021,So Central Rain,1
2021,Seven Seas Of Rhye,1
2021,She,1
2021,Set It Off,1
2021,Showcase,1
2021,Shoot Me Again,1
2021,She Loves Me Not,1
2021,Some Kind Of Monster,1
2021,Soldier Side - Intro,1
2021,Sobremesa,1
2021,Someday Never Comes,1
2021,Sometimes Salvation,1
2021,Sons Of Freedom,1
2021,Soul Parsifal,1
2021,Soul Singing,1
2021,Spirit Walker,1
2021,Speed Of Light,1
2021,Suck My Kiss,1
2021,Stuck With Me,1
2021,Stone Free,1
2021,Stone Cold Crazy,1
2021,Stir It Up (Live),1
2021,Starburst,1
2021,Still Life,1
2021,Put The Finger On You,1
2021,Put Your Lights On,1
2021,Quando Você Voltar,1
2021,Prowler,1
2021,Radio Free Aurope,1
2021,Radio GA GA,1
2021,Queixa,1
2021,Quase Um Segundo,1
2021,Que Luz É Essa,1
2021,Radio/Video,1
2021,Pristina,1
2021,Primavera,1
2021,Primal Scream,1
2021,Pretty Noose,1
2021,Pretty Persuasion,1
2021,Por Causa De Você,1
2021,Podres Poderes,1
2021,Porcelain,1
2021,Papeau Nuky Doe,1
2021,Overdose,1
2021,Pagan Baby,1
2021,Paths Of Glory,1
2021,Pau-De-Arara,1
2021,Parallel Universe,1
2021,Perfect Circle,1
2021,Perfect Crime,1
2021,Phantom Of The Opera,1
2021,Perplexo,1
2021,Pela Luz dos Olhos Teus (Miúcha e Tom Jobim),1
2021,Pinball Wizard,1
2021,Please Don't Touch,1
2021,Plot 180,1
2021,Plaster Caster,1
2021,Plush,1
2021,Ponta de Areia,1
2021,Not The Doctor,1
2021,Nothingman,1
2021,O Trem Da Juventude,1
2021,Out Of Tears,1
2021,Out On The Tiles,1
2021,Motorbreath,1
2021,Mouth To Mouth,1
2021,Mr. Cab Driver,1
2021,Murders In The Rue Morgue,1
2021,Música No Ar,1
2021,Música Urbana 2,1
2021,Naked In Front Of The Computer,1
2021,Nega Do Cabelo Duro,1
2021,Nebulosa Do Amor,1
2021,Nice Guys Finish Last,1
2021,Night Train,1
2021,No More Tears,1
2021,No No No,1
2021,Norwegian Wood,1
2021,Filho Maravilha,1
2021,Finding My Way,1
2021,Fear Is The Key,1
2021,For the Greater Good of God,1
2021,Folhas Secas,1
2021,For Whom The Bell Tolls,1
2021,For Your Life,1
2021,Fly Me To The Moon,1
2021,Flying High Again,1
2021,Everything's Ruined,1
2021,Evil Walks,1
2021,Evil Ways,1
2021,Evil Woman,1
2021,Falamansa Song,1
2021,Fascinação,1
2021,Fast And Loose,1
2021,Fall On Me,1
2021,Fortunes Of War,1
2021,Fortuneteller,1
2021,Forty Days Instrumental,1
2021,From Out Of Nowhere,1
2021,Funk Hum,1
2021,Gates Of Tomorrow,1
2021,Garota Nacional,1
2021,Get Up Offa That Thing,1
2021,Get What You Need,1
2021,"Get Down, Make Love",1
2021,Get Off Of My Cloud,1
2021,Geek Stink Breath,1
2021,Get Up,1
2021,Gimmie Shelters,1
2021,Girl From A Pawnshop,1
2021,Go Back,1
2021,God Of Thunder,1
2021,Heaven Coming Down,1
2021,Heart Of Gold,1
2021,Heaven Can Wait,1
2021,Hey America,1
2021,Hey Cisco,1
2021,High Ball Shooter,1
2021,Green River,1
2021,Gota D'água,1
2021,Green Disease,1
2021,Good Golly Miss Molly,1
2021,Hallowed Be Thy Name,1
2021,Gyroscope,1
2021,Hands All Over,1
2021,Harvester Of Sorrow,1
2021,Hots On For Nowhere,1
2021,Homecoming / The Death Of St. Jimmy / East 12th St. / Nobody Likes You / Rock And Roll Girlfriend / We're Coming Home Again,1
2021,Holiday,1
2021,Hysteria,1
2021,How Many More Times,1
2021,I Don't Know,1
2021,I Get A Kick Out Of You,1
2021,I'm Going Slightly Mad,1
2021,Immigrant Song,1
2021,J Squared,1
2021,Jean Pierre (Live),1
2021,Janie's Got A Gun,1
2021,Jerusalem,1
2021,King Of Pain,1
2021,Inject The Venom,1
2021,Invaders,1
2021,It's A Man's Man's Man's World,1
2021,It's Only Love,1
2021,Iron Maiden,1
2021,Knocking At Your Back Door,1
2021,Know Your Rights,1
2021,Lament,1
2021,L'Arc En Ciel De Miles,1
2021,Lavadeira,1
2021,L'Avventura,1
2021,Lemon Drop,1
2021,Leave My Girl Alone,1
2021,Leandro De Itaquera 2001,1
2021,Leash,1
2021,Lay Down Sally,1
2021,Leper Messiah,1
2021,Light Years,1
2021,Lightning Strikes Twice,1
2021,Live and Let Die,1
2021,Living On Love,1
2021,Living Loving Maid (She's Just A Woman),1
2021,Linha Do Equador,1
2021,Maria,1
2021,Maybe I'm A Leo,1
2021,Meditação,1
2021,Me Liga,1
2021,Meninos E Meninas,1
2021,Menestrel Das Alagoas,1
2021,Menino De Rua,1
2021,Meu Caro Amigo,1
2021,Meu Refrigerador Não Funciona,1
2021,Midnight From The Inside Out,1
2021,Millenium,1
2021,Moon germs,1
2021,Morning Glory,1
2021,Morena De Angola,1
2021,Mis Penas Lloraba Yo (Ao Vivo) Soy Gitano (Tangos),1
2021,Moby Dick,1
2021,Longview,1
2021,Livre Pra Viver,1
2021,Lixo Do Mangue,1
2021,Lord Of The Flies,1
2021,Lost in Hollywood,1
2021,Love In An Elevator,1
2021,Luis Inacio (300 Picaretas),1
2021,Mack The Knife,1
2021,Macy's Day Parade,1
2021,Maluco Beleza,1
2021,"Maria, Maria",1
2021,Maracatu Atômico [Trip Hop],1
2021,Maquinarama,1
2021,Man With The Woman Head,1
2021,Been A Son,1
2021,Before You Accuse Me,1
2021,Big Wave,1
2021,Black Light Syndrome,1
2021,Black Mountain Side,1
2021,Black Capricorn Day,1
2021,Atras Da Porta,1
2021,Back in the Village,1
2021,Balls to the Wall,1
2021,Bad Obsession,1
2021,Bad Seed,1
2021,Beach Sequence,1
2021,Be Mine,1
2021,"Baltimore, DC",1
2021,Basket Case,1
2021,Blood On The World's Hands,1
2021,Bleed The Freak,1
2021,Blue Train,1
2021,Boogie With Stu,1
2021,Bowels Of The Devil,1
2021,Bossa,1
2021,Born To Move,1
2021,Body Count Anthem,1
2021,Brasil,1
2021,Breakdown,1
2021,Bron-Y-Aur Stomp,1
2021,Breed,1
2021,Breaking The Rules,1
2021,Bumbo Da Mangueira,1
2021,"Bye, Bye Brasil",1
2021,Caffeine,1
2021,Aquele Abraço,1
2021,Aquilo,1
2021,Are You Gonna Go My Way,1
2021,As Profecias,1
2021,As Rosas Não Falam (Beth Carvalho),1
2021,As We Sleep,1
2021,Assaltaram A Gramática,1
2021,Attitude,1
2021,Ava Adore,1
2021,Avisa,1
2021,All Star,1
2021,All Within My Hands,1
2021,All My Love,1
2021,Amor De Muito,1
2021,Ando Meio Desligado,1
2021,Angela,1
2021,Angel,1
2021,"Anyway, Anyhow, Anywhere",1
2021,01 - Prowler,1
2021,2 A.M.,1
2021,A Cor Do Sol,1
2021,A Novidade (Live),1
2021,A Banda,1
2021,2 X 4,1
2021,Açai,1
2021,A Twist In The Tail,1
2021,A Small Victory,1
2021,Admirável Gado Novo,1
2021,Aeroplane Flies High,1
2021,Afraid To Shoot Strangers,1
2021,Dust N' Bones,1
2021,Edie (Ciao Baby),1
2021,Easy,1
2021,Don't You Cry,1
2021,Double Talkin' Jive,1
2021,Down by the Sea,1
2021,Down By The Seaside,1
2021,Drum Boogie,1
2021,Esquinas,1
2021,Esporrei Na Manivela,1
2021,Enquanto O Dia Não Vem,1
2021,Every Time I Look At You,1
2021,Etnia,1
2021,Esse Cara,1
2021,Estranged,1
2021,Dead Horse,1
2021,Dee,1
2021,Dandelion,1
2021,Deuces Are Wild,1
2021,Denúncia,1
2021,Desaforo,1
2021,Die Die My Darling,1
2021,"Diga Lá, Coração",1
2021,Dog Eat Dog,1
2021,Don't Damn Me,1
2021,Don't Look To The Eyes Of A Stranger,1
2021,Don't Look Now,1
2021,Burn Away,1
2021,Can't Get There From Here,1
2021,Can't Keep,1
2021,Can't Stand Losing You,1
2021,Can I Play With Madness,1
2021,Carnival Of Sorts,1
2021,Can You See Me,1
2021,Children Of The Grave,1
2021,Cherub Rock,1
2021,Child In Time,1
2021,Clash City Rockers,1
2021,Communication Breakdown,1
2021,Colibri,1
2021,Com Açúcar E Com Afeto,1
2021,Coração De Estudante,1
2021,Condição,1
2021,Confusion,1
2021,Como É Duro Trabalhar,1
2021,Comportamento Geral,1
2021,Compulsion,1
2021,Creeping Death,1
2021,Crazy Train,1
2021,Crackerman,1
2021,Cornucopia,1
2021,Coroné Antonio Bento,1
2021,Cotton Fields,1
2021,Dance Enquanto é Tempo,1
2021,Dancing Days,1
2021,Cuyahoga,1
2021,Damage Inc.,1
2021,Dança Da Solidão,1
